{"cameraMode":{"drawMode":0,"name":"Shaded","section":"Shading Mode"},"sceneLighting":true,"audioPlay":false,"sceneViewState":{"showFog":true,"showMaterialUpdate":true,"showSkybox":true,"showFlares":true,"showImageEffects":true,"showParticleSystems":true},"in2DMode":false,"pivot":{"x":0.010000019334256649,"y":1.2200000286102296,"z":0.0},"rotation":{"x":-0.12581215798854829,"y":0.8054667711257935,"z":-0.18461453914642335,"w":-0.5489203929901123},"size":2.199409246444702,"orthographic":false}